{"schema":5,"addons":[{"id":"langpack-cs@firefox.mozilla.org","icons":{"32":"https://addons.cdn.mozilla.net/static/img/addon-icons/default-32.png","64":"https://addons.cdn.mozilla.net/static/img/addon-icons/default-64.png","128":"https://addons.cdn.mozilla.net/static/img/addon-icons/default-128.png"},"name":"Czech (CZ) Language Pack","version":"67.0buildid20190513195729","sourceURI":"https://addons.mozilla.org/firefox/downloads/file/2846133/czech_cz_language_pack-67.0buildid20190513195729-fx.xpi?src=","homepageURL":null,"supportURL":null,"description":"Czech (CZ) Language Pack","fullDescription":"Pokud potřebujete počeštit dříve nainstalovanou anglickou verzi Firefoxu, stačí stáhnout českou verzi a při vypnutém Firefoxu ji nainstalovat přes anglickou. Alternativně můžete použít tento balíček, jehož instalaci a nastavení popisujeme zde.\nNezapomeňte také na český slovník pro kontrolu pravopisu.","weeklyDownloads":208,"type":"locale","creator":{"name":"Mozilla","url":"https://addons.mozilla.org/cs/firefox/user/4757633/"},"developers":[],"screenshots":[],"contributionURL":"","averageRating":4.3333,"reviewCount":4,"reviewURL":"https://addons.mozilla.org/cs/firefox/addon/czech-cz-language-pack/reviews/","updateDate":1557861571000}],"compatOverrides":[]}