{"chrome://browser/content/browser.xul":{"main-window":{"sizemode":"maximized"},"PersonalToolbar":{"collapsed":"false"},"place:parent=menu________":{"open":"true"},"sidebar-box":{"sidebarcommand":"","width":""},"sidebar-title":{"value":""}},"chrome://browser/content/places/places.xul":{"placesContentTags":{"ordinal":"3"},"placesContentUrl":{"ordinal":"5"},"placesContentDate":{"ordinal":"7"},"placesContentVisitCount":{"ordinal":"9"},"placesContentDateAdded":{"ordinal":"11"},"placesContentLastModified":{"ordinal":"13"},"places":{"screenX":"0","screenY":"56","width":"700","height":"500","sizemode":"normal"}},"chrome://browser/content/places/bookmarkProperties.xul":{"bookmarkproperties":{"screenX":"150","screenY":"221","width":"400"}},"chrome://browser/content/sanitize.xul":{"SanitizeDialog":{"screenX":"456","screenY":"184"}}}