{"defaultHandlersVersion":{"cs":4},"mimeTypes":{"application/pdf":{"action":3}},"schemes":{"ircs":{"action":2,"ask":true,"handlers":[null,{"name":"Mibbit","uriTemplate":"https://www.mibbit.com/?url=%s"}]},"mailto":{"action":4,"handlers":[null,{"name":"Seznam","uriTemplate":"https://email.seznam.cz/newMessageScreen?mailto=%s"},{"name":"Gmail","uriTemplate":"https://mail.google.com/mail/?extsrc=mailto&url=%s"}]},"irc":{"action":2,"ask":true,"handlers":[null,{"name":"Mibbit","uriTemplate":"https://www.mibbit.com/?url=%s"}]}}}